,files,classes
0,casual_0.png,casual
1,casual_1.png,casual
2,casual_10.png,casual
3,casual_100.png,casual
4,casual_101.png,casual
5,casual_102.png,casual
6,casual_103.png,casual
7,casual_104.png,casual
8,casual_105.png,casual
9,casual_106.png,casual
10,casual_107.png,casual
11,casual_108.png,casual
12,casual_109.png,casual
13,casual_11.png,casual
14,casual_110.png,casual
15,casual_111.png,casual
16,casual_112.png,casual
17,casual_113.png,casual
18,casual_114.png,casual
19,casual_115.png,casual
20,casual_116.png,casual
21,casual_117.png,casual
22,casual_118.png,casual
23,casual_119.png,casual
24,casual_12.png,casual
25,casual_120.png,casual
26,casual_121.png,casual
27,casual_122.png,casual
28,casual_123.png,casual
29,casual_124.png,casual
30,casual_125.png,casual
31,casual_126.png,casual
32,casual_127.png,casual
33,casual_128.png,casual
34,casual_129.png,casual
35,casual_13.png,casual
36,casual_130.png,casual
37,casual_131.png,casual
38,casual_132.png,casual
39,casual_133.png,casual
40,casual_134.png,casual
41,casual_135.png,casual
42,casual_136.png,casual
43,casual_137.png,casual
44,casual_138.png,casual
45,casual_139.png,casual
46,casual_14.png,casual
47,casual_140.png,casual
48,casual_141.png,casual
49,casual_142.png,casual
50,casual_143.png,casual
51,casual_144.png,casual
52,casual_145.png,casual
53,casual_146.png,casual
54,casual_147.png,casual
55,casual_148.png,casual
56,casual_149.png,casual
57,casual_15.png,casual
58,casual_150.png,casual
59,casual_151.png,casual
60,casual_152.png,casual
61,casual_153.png,casual
62,casual_154.png,casual
63,casual_155.png,casual
64,casual_156.png,casual
65,casual_157.png,casual
66,casual_158.png,casual
67,casual_159.png,casual
68,casual_16.png,casual
69,casual_160.png,casual
70,casual_161.png,casual
71,casual_162.png,casual
72,casual_163.png,casual
73,casual_164.png,casual
74,casual_165.png,casual
75,casual_166.png,casual
76,casual_167.png,casual
77,casual_168.png,casual
78,casual_169.png,casual
79,casual_17.png,casual
80,casual_170.png,casual
81,casual_171.png,casual
82,casual_172.png,casual
83,casual_173.png,casual
84,casual_174.png,casual
85,casual_175.png,casual
86,casual_176.png,casual
87,casual_177.png,casual
88,casual_178.png,casual
89,casual_179.png,casual
90,casual_18.png,casual
91,casual_180.png,casual
92,casual_181.png,casual
93,casual_182.png,casual
94,casual_183.png,casual
95,casual_184.png,casual
96,casual_185.png,casual
97,casual_186.png,casual
98,casual_187.png,casual
99,casual_188.png,casual
100,casual_189.png,casual
101,casual_19.png,casual
102,casual_190.png,casual
103,casual_191.png,casual
104,casual_192.png,casual
105,casual_193.png,casual
106,casual_194.png,casual
107,casual_195.png,casual
108,casual_196.png,casual
109,casual_197.png,casual
110,casual_198.png,casual
111,casual_199.png,casual
112,casual_2.png,casual
113,casual_20.png,casual
114,casual_200.png,casual
115,casual_201.png,casual
116,casual_202.png,casual
117,casual_203.png,casual
118,casual_204.png,casual
119,casual_205.png,casual
120,casual_206.png,casual
121,casual_207.png,casual
122,casual_208.png,casual
123,casual_209.png,casual
124,casual_21.png,casual
125,casual_210.png,casual
126,casual_211.png,casual
127,casual_212.png,casual
128,casual_213.png,casual
129,casual_214.png,casual
130,casual_215.png,casual
131,casual_216.png,casual
132,casual_217.png,casual
133,casual_218.png,casual
134,casual_219.png,casual
135,casual_22.png,casual
136,casual_220.png,casual
137,casual_221.png,casual
138,casual_222.png,casual
139,casual_223.png,casual
140,casual_224.png,casual
141,casual_225.png,casual
142,casual_226.png,casual
143,casual_227.png,casual
144,casual_228.png,casual
145,casual_229.png,casual
146,casual_23.png,casual
147,casual_230.png,casual
148,casual_231.png,casual
149,casual_232.png,casual
150,casual_233.png,casual
151,casual_234.png,casual
152,casual_235.png,casual
153,casual_236.png,casual
154,casual_237.png,casual
155,casual_238.png,casual
156,casual_239.png,casual
157,casual_24.png,casual
158,casual_240.png,casual
159,casual_241.png,casual
160,casual_242.png,casual
161,casual_243.png,casual
162,casual_244.png,casual
163,casual_245.png,casual
164,casual_246.png,casual
165,casual_247.png,casual
166,casual_248.png,casual
167,casual_249.png,casual
168,casual_25.png,casual
169,casual_250.png,casual
170,casual_251.png,casual
171,casual_252.png,casual
172,casual_253.png,casual
173,casual_254.png,casual
174,casual_255.png,casual
175,casual_256.png,casual
176,casual_257.png,casual
177,casual_258.png,casual
178,casual_259.png,casual
179,casual_26.png,casual
180,casual_260.png,casual
181,casual_261.png,casual
182,casual_262.png,casual
183,casual_263.png,casual
184,casual_264.png,casual
185,casual_265.png,casual
186,casual_266.png,casual
187,casual_267.png,casual
188,casual_268.png,casual
189,casual_269.png,casual
190,casual_27.png,casual
191,casual_270.png,casual
192,casual_271.png,casual
193,casual_272.png,casual
194,casual_273.png,casual
195,casual_274.png,casual
196,casual_275.png,casual
197,casual_276.png,casual
198,casual_277.png,casual
199,casual_278.png,casual
200,casual_279.png,casual
201,casual_28.png,casual
202,casual_280.png,casual
203,casual_281.png,casual
204,casual_282.png,casual
205,casual_283.png,casual
206,casual_284.png,casual
207,casual_285.png,casual
208,casual_286.png,casual
209,casual_287.png,casual
210,casual_288.png,casual
211,casual_289.png,casual
212,casual_29.png,casual
213,casual_290.png,casual
214,casual_291.png,casual
215,casual_292.png,casual
216,casual_293.png,casual
217,casual_294.png,casual
218,casual_295.png,casual
219,casual_296.png,casual
220,casual_297.png,casual
221,casual_298.png,casual
222,casual_299.png,casual
223,casual_3.png,casual
224,casual_30.png,casual
225,casual_300.png,casual
226,casual_301.png,casual
227,casual_302.png,casual
228,casual_303.png,casual
229,casual_304.png,casual
230,casual_305.png,casual
231,casual_306.png,casual
232,casual_307.png,casual
233,casual_308.png,casual
234,casual_309.png,casual
235,casual_31.png,casual
236,casual_310.png,casual
237,casual_311.png,casual
238,casual_312.png,casual
239,casual_313.png,casual
240,casual_314.png,casual
241,casual_315.png,casual
242,casual_316.png,casual
243,casual_317.png,casual
244,casual_318.png,casual
245,casual_319.png,casual
246,casual_32.png,casual
247,casual_320.png,casual
248,casual_321.png,casual
249,casual_322.png,casual
250,casual_323.png,casual
251,casual_324.png,casual
252,casual_325.png,casual
253,casual_326.png,casual
254,casual_327.png,casual
255,casual_328.png,casual
256,casual_329.png,casual
257,casual_33.png,casual
258,casual_330.png,casual
259,casual_331.png,casual
260,casual_332.png,casual
261,casual_333.png,casual
262,casual_334.png,casual
263,casual_335.png,casual
264,casual_336.png,casual
265,casual_337.png,casual
266,casual_338.png,casual
267,casual_339.png,casual
268,casual_34.png,casual
269,casual_340.png,casual
270,casual_341.png,casual
271,casual_342.png,casual
272,casual_343.png,casual
273,casual_344.png,casual
274,casual_345.png,casual
275,casual_346.png,casual
276,casual_347.png,casual
277,casual_348.png,casual
278,casual_349.png,casual
279,casual_35.png,casual
280,casual_350.png,casual
281,casual_351.png,casual
282,casual_352.png,casual
283,casual_353.png,casual
284,casual_354.png,casual
285,casual_355.png,casual
286,casual_356.png,casual
287,casual_357.png,casual
288,casual_358.png,casual
289,casual_359.png,casual
290,casual_36.png,casual
291,casual_360.png,casual
292,casual_361.png,casual
293,casual_362.png,casual
294,casual_363.png,casual
295,casual_364.png,casual
296,casual_365.png,casual
297,casual_366.png,casual
298,casual_367.png,casual
299,casual_368.png,casual
300,casual_369.png,casual
301,casual_37.png,casual
302,casual_370.png,casual
303,casual_371.png,casual
304,casual_372.png,casual
305,casual_373.png,casual
306,casual_374.png,casual
307,casual_375.png,casual
308,casual_376.png,casual
309,casual_377.png,casual
310,casual_378.png,casual
311,casual_379.png,casual
312,casual_38.png,casual
313,casual_380.png,casual
314,casual_381.png,casual
315,casual_382.png,casual
316,casual_383.png,casual
317,casual_384.png,casual
318,casual_385.png,casual
319,casual_386.png,casual
320,casual_387.png,casual
321,casual_388.png,casual
322,casual_389.png,casual
323,casual_39.png,casual
324,casual_390.png,casual
325,casual_391.png,casual
326,casual_392.png,casual
327,casual_393.png,casual
328,casual_394.png,casual
329,casual_395.png,casual
330,casual_396.png,casual
331,casual_397.png,casual
332,casual_398.png,casual
333,casual_399.png,casual
334,casual_4.png,casual
335,casual_40.png,casual
336,casual_400.png,casual
337,casual_401.png,casual
338,casual_402.png,casual
339,casual_403.png,casual
340,casual_404.png,casual
341,casual_405.png,casual
342,casual_406.png,casual
343,casual_407.png,casual
344,casual_408.png,casual
345,casual_409.png,casual
346,casual_41.png,casual
347,casual_410.png,casual
348,casual_411.png,casual
349,casual_412.png,casual
350,casual_413.png,casual
351,casual_414.png,casual
352,casual_415.png,casual
353,casual_416.png,casual
354,casual_417.png,casual
355,casual_418.png,casual
356,casual_419.png,casual
357,casual_42.png,casual
358,casual_420.png,casual
359,casual_421.png,casual
360,casual_422.png,casual
361,casual_423.png,casual
362,casual_424.png,casual
363,casual_425.png,casual
364,casual_426.png,casual
365,casual_427.png,casual
366,casual_428.png,casual
367,casual_429.png,casual
368,casual_43.png,casual
369,casual_430.png,casual
370,casual_431.png,casual
371,casual_432.png,casual
372,casual_433.png,casual
373,casual_434.png,casual
374,casual_435.png,casual
375,casual_436.png,casual
376,casual_437.png,casual
377,casual_438.png,casual
378,casual_439.png,casual
379,casual_44.png,casual
380,casual_440.png,casual
381,casual_441.png,casual
382,casual_442.png,casual
383,casual_443.png,casual
384,casual_444.png,casual
385,casual_445.png,casual
386,casual_446.png,casual
387,casual_447.png,casual
388,casual_448.png,casual
389,casual_449.png,casual
390,casual_45.png,casual
391,casual_450.png,casual
392,casual_451.png,casual
393,casual_452.png,casual
394,casual_453.png,casual
395,casual_454.png,casual
396,casual_455.png,casual
397,casual_456.png,casual
398,casual_457.png,casual
399,casual_458.png,casual
400,casual_459.png,casual
401,casual_46.png,casual
402,casual_460.png,casual
403,casual_461.png,casual
404,casual_462.png,casual
405,casual_463.png,casual
406,casual_464.png,casual
407,casual_465.png,casual
408,casual_466.png,casual
409,casual_467.png,casual
410,casual_468.png,casual
411,casual_469.png,casual
412,casual_47.png,casual
413,casual_470.png,casual
414,casual_471.png,casual
415,casual_472.png,casual
416,casual_473.png,casual
417,casual_474.png,casual
418,casual_475.png,casual
419,casual_476.png,casual
420,casual_477.png,casual
421,casual_478.png,casual
422,casual_479.png,casual
423,casual_48.png,casual
424,casual_480.png,casual
425,casual_481.png,casual
426,casual_482.png,casual
427,casual_483.png,casual
428,casual_484.png,casual
429,casual_485.png,casual
430,casual_486.png,casual
431,casual_487.png,casual
432,casual_488.png,casual
433,casual_489.png,casual
434,casual_49.png,casual
435,casual_490.png,casual
436,casual_491.png,casual
437,casual_492.png,casual
438,casual_493.png,casual
439,casual_494.png,casual
440,casual_495.png,casual
441,casual_496.png,casual
442,casual_497.png,casual
443,casual_498.png,casual
444,casual_499.png,casual
445,casual_5.png,casual
446,casual_50.png,casual
447,casual_500.png,casual
448,casual_501.png,casual
449,casual_502.png,casual
450,casual_503.png,casual
451,casual_504.png,casual
452,casual_505.png,casual
453,casual_506.png,casual
454,casual_507.png,casual
455,casual_508.png,casual
456,casual_509.png,casual
457,casual_51.png,casual
458,casual_510.png,casual
459,casual_511.png,casual
460,casual_512.png,casual
461,casual_513.png,casual
462,casual_514.png,casual
463,casual_515.png,casual
464,casual_516.png,casual
465,casual_517.png,casual
466,casual_518.png,casual
467,casual_519.png,casual
468,casual_52.png,casual
469,casual_520.png,casual
470,casual_521.png,casual
471,casual_522.png,casual
472,casual_523.png,casual
473,casual_524.png,casual
474,casual_525.png,casual
475,casual_526.png,casual
476,casual_527.png,casual
477,casual_528.png,casual
478,casual_529.png,casual
479,casual_53.png,casual
480,casual_530.png,casual
481,casual_531.png,casual
482,casual_532.png,casual
483,casual_533.png,casual
484,casual_534.png,casual
485,casual_535.png,casual
486,casual_536.png,casual
487,casual_537.png,casual
488,casual_538.png,casual
489,casual_539.png,casual
490,casual_54.png,casual
491,casual_540.png,casual
492,casual_541.png,casual
493,casual_542.png,casual
494,casual_543.png,casual
495,casual_544.png,casual
496,casual_545.png,casual
497,casual_546.png,casual
498,casual_547.png,casual
499,casual_548.png,casual
500,casual_549.png,casual
501,casual_55.png,casual
502,casual_550.png,casual
503,casual_551.png,casual
504,casual_552.png,casual
505,casual_553.png,casual
506,casual_554.png,casual
507,casual_555.png,casual
508,casual_556.png,casual
509,casual_557.png,casual
510,casual_558.png,casual
511,casual_559.png,casual
512,casual_56.png,casual
513,casual_560.png,casual
514,casual_561.png,casual
515,casual_562.png,casual
516,casual_563.png,casual
517,casual_564.png,casual
518,casual_565.png,casual
519,casual_566.png,casual
520,casual_567.png,casual
521,casual_568.png,casual
522,casual_569.png,casual
523,casual_57.png,casual
524,casual_570.png,casual
525,casual_571.png,casual
526,casual_572.png,casual
527,casual_573.png,casual
528,casual_574.png,casual
529,casual_575.png,casual
530,casual_576.png,casual
531,casual_577.png,casual
532,casual_578.png,casual
533,casual_579.png,casual
534,casual_58.png,casual
535,casual_580.png,casual
536,casual_581.png,casual
537,casual_582.png,casual
538,casual_583.png,casual
539,casual_584.png,casual
540,casual_585.png,casual
541,casual_586.png,casual
542,casual_587.png,casual
543,casual_588.png,casual
544,casual_589.png,casual
545,casual_59.png,casual
546,casual_590.png,casual
547,casual_591.png,casual
548,casual_592.png,casual
549,casual_593.png,casual
550,casual_594.png,casual
551,casual_595.png,casual
552,casual_596.png,casual
553,casual_597.png,casual
554,casual_598.png,casual
555,casual_599.png,casual
556,casual_6.png,casual
557,casual_60.png,casual
558,casual_600.png,casual
559,casual_601.png,casual
560,casual_602.png,casual
561,casual_603.png,casual
562,casual_604.png,casual
563,casual_605.png,casual
564,casual_606.png,casual
565,casual_607.png,casual
566,casual_608.png,casual
567,casual_609.png,casual
568,casual_61.png,casual
569,casual_610.png,casual
570,casual_611.png,casual
571,casual_612.png,casual
572,casual_613.png,casual
573,casual_614.png,casual
574,casual_615.png,casual
575,casual_616.png,casual
576,casual_617.png,casual
577,casual_618.png,casual
578,casual_619.png,casual
579,casual_62.png,casual
580,casual_620.png,casual
581,casual_621.png,casual
582,casual_622.png,casual
583,casual_623.png,casual
584,casual_624.png,casual
585,casual_625.png,casual
586,casual_626.png,casual
587,casual_627.png,casual
588,casual_628.png,casual
589,casual_629.png,casual
590,casual_63.png,casual
591,casual_630.png,casual
592,casual_631.png,casual
593,casual_632.png,casual
594,casual_633.png,casual
595,casual_634.png,casual
596,casual_635.png,casual
597,casual_636.png,casual
598,casual_637.png,casual
599,casual_638.png,casual
600,casual_639.png,casual
601,casual_64.png,casual
602,casual_640.png,casual
603,casual_641.png,casual
604,casual_642.png,casual
605,casual_643.png,casual
606,casual_644.png,casual
607,casual_645.png,casual
608,casual_646.png,casual
609,casual_647.png,casual
610,casual_648.png,casual
611,casual_649.png,casual
612,casual_65.png,casual
613,casual_650.png,casual
614,casual_651.png,casual
615,casual_652.png,casual
616,casual_653.png,casual
617,casual_654.png,casual
618,casual_655.png,casual
619,casual_656.png,casual
620,casual_657.png,casual
621,casual_658.png,casual
622,casual_659.png,casual
623,casual_66.png,casual
624,casual_660.png,casual
625,casual_661.png,casual
626,casual_662.png,casual
627,casual_663.png,casual
628,casual_664.png,casual
629,casual_665.png,casual
630,casual_666.png,casual
631,casual_667.png,casual
632,casual_668.png,casual
633,casual_669.png,casual
634,casual_67.png,casual
635,casual_670.png,casual
636,casual_671.png,casual
637,casual_672.png,casual
638,casual_673.png,casual
639,casual_674.png,casual
640,casual_675.png,casual
641,casual_676.png,casual
642,casual_677.png,casual
643,casual_678.png,casual
644,casual_679.png,casual
645,casual_68.png,casual
646,casual_680.png,casual
647,casual_681.png,casual
648,casual_682.png,casual
649,casual_683.png,casual
650,casual_684.png,casual
651,casual_685.png,casual
652,casual_686.png,casual
653,casual_687.png,casual
654,casual_688.png,casual
655,casual_689.png,casual
656,casual_69.png,casual
657,casual_690.png,casual
658,casual_691.png,casual
659,casual_692.png,casual
660,casual_693.png,casual
661,casual_694.png,casual
662,casual_695.png,casual
663,casual_696.png,casual
664,casual_697.png,casual
665,casual_698.png,casual
666,casual_699.png,casual
667,casual_7.png,casual
668,casual_70.png,casual
669,casual_700.png,casual
670,casual_701.png,casual
671,casual_702.png,casual
672,casual_703.png,casual
673,casual_704.png,casual
674,casual_705.png,casual
675,casual_706.png,casual
676,casual_707.png,casual
677,casual_708.png,casual
678,casual_709.png,casual
679,casual_71.png,casual
680,casual_710.png,casual
681,casual_711.png,casual
682,casual_712.png,casual
683,casual_713.png,casual
684,casual_714.png,casual
685,casual_715.png,casual
686,casual_716.png,casual
687,casual_717.png,casual
688,casual_718.png,casual
689,casual_719.png,casual
690,casual_72.png,casual
691,casual_720.png,casual
692,casual_721.png,casual
693,casual_722.png,casual
694,casual_723.png,casual
695,casual_724.png,casual
696,casual_725.png,casual
697,casual_726.png,casual
698,casual_727.png,casual
699,casual_728.png,casual
700,casual_729.png,casual
701,casual_73.png,casual
702,casual_730.png,casual
703,casual_731.png,casual
704,casual_732.png,casual
705,casual_733.png,casual
706,casual_734.png,casual
707,casual_735.png,casual
708,casual_736.png,casual
709,casual_737.png,casual
710,casual_738.png,casual
711,casual_739.png,casual
712,casual_74.png,casual
713,casual_740.png,casual
714,casual_741.png,casual
715,casual_742.png,casual
716,casual_743.png,casual
717,casual_744.png,casual
718,casual_745.png,casual
719,casual_746.png,casual
720,casual_747.png,casual
721,casual_748.png,casual
722,casual_749.png,casual
723,casual_75.png,casual
724,casual_750.png,casual
725,casual_751.png,casual
726,casual_752.png,casual
727,casual_753.png,casual
728,casual_754.png,casual
729,casual_755.png,casual
730,casual_756.png,casual
731,casual_757.png,casual
732,casual_758.png,casual
733,casual_759.png,casual
734,casual_76.png,casual
735,casual_760.png,casual
736,casual_761.png,casual
737,casual_762.png,casual
738,casual_763.png,casual
739,casual_764.png,casual
740,casual_765.png,casual
741,casual_766.png,casual
742,casual_767.png,casual
743,casual_768.png,casual
744,casual_769.png,casual
745,casual_77.png,casual
746,casual_770.png,casual
747,casual_771.png,casual
748,casual_772.png,casual
749,casual_773.png,casual
750,casual_774.png,casual
751,casual_775.png,casual
752,casual_776.png,casual
753,casual_777.png,casual
754,casual_778.png,casual
755,casual_779.png,casual
756,casual_78.png,casual
757,casual_780.png,casual
758,casual_781.png,casual
759,casual_782.png,casual
760,casual_783.png,casual
761,casual_784.png,casual
762,casual_785.png,casual
763,casual_786.png,casual
764,casual_787.png,casual
765,casual_788.png,casual
766,casual_789.png,casual
767,casual_79.png,casual
768,casual_790.png,casual
769,casual_791.png,casual
770,casual_792.png,casual
771,casual_793.png,casual
772,casual_794.png,casual
773,casual_795.png,casual
774,casual_796.png,casual
775,casual_797.png,casual
776,casual_798.png,casual
777,casual_799.png,casual
778,casual_8.png,casual
779,casual_80.png,casual
780,casual_800.png,casual
781,casual_801.png,casual
782,casual_802.png,casual
783,casual_803.png,casual
784,casual_804.png,casual
785,casual_805.png,casual
786,casual_806.png,casual
787,casual_807.png,casual
788,casual_808.png,casual
789,casual_809.png,casual
790,casual_81.png,casual
791,casual_810.png,casual
792,casual_811.png,casual
793,casual_812.png,casual
794,casual_813.png,casual
795,casual_814.png,casual
796,casual_815.png,casual
797,casual_816.png,casual
798,casual_817.png,casual
799,casual_818.png,casual
800,casual_819.png,casual
801,casual_82.png,casual
802,casual_820.png,casual
803,casual_821.png,casual
804,casual_822.png,casual
805,casual_823.png,casual
806,casual_824.png,casual
807,casual_825.png,casual
808,casual_826.png,casual
809,casual_827.png,casual
810,casual_828.png,casual
811,casual_829.png,casual
812,casual_83.png,casual
813,casual_830.png,casual
814,casual_831.png,casual
815,casual_832.png,casual
816,casual_833.png,casual
817,casual_834.png,casual
818,casual_835.png,casual
819,casual_836.png,casual
820,casual_837.png,casual
821,casual_838.png,casual
822,casual_839.png,casual
823,casual_84.png,casual
824,casual_840.png,casual
825,casual_841.png,casual
826,casual_842.png,casual
827,casual_843.png,casual
828,casual_844.png,casual
829,casual_845.png,casual
830,casual_846.png,casual
831,casual_847.png,casual
832,casual_848.png,casual
833,casual_849.png,casual
834,casual_85.png,casual
835,casual_850.png,casual
836,casual_851.png,casual
837,casual_852.png,casual
838,casual_853.png,casual
839,casual_854.png,casual
840,casual_855.png,casual
841,casual_856.png,casual
842,casual_857.png,casual
843,casual_858.png,casual
844,casual_859.png,casual
845,casual_86.png,casual
846,casual_860.png,casual
847,casual_861.png,casual
848,casual_862.png,casual
849,casual_863.png,casual
850,casual_864.png,casual
851,casual_865.png,casual
852,casual_866.png,casual
853,casual_867.png,casual
854,casual_868.png,casual
855,casual_869.png,casual
856,casual_87.png,casual
857,casual_870.png,casual
858,casual_871.png,casual
859,casual_872.png,casual
860,casual_873.png,casual
861,casual_874.png,casual
862,casual_875.png,casual
863,casual_876.png,casual
864,casual_877.png,casual
865,casual_878.png,casual
866,casual_879.png,casual
867,casual_88.png,casual
868,casual_880.png,casual
869,casual_881.png,casual
870,casual_882.png,casual
871,casual_883.png,casual
872,casual_884.png,casual
873,casual_885.png,casual
874,casual_886.png,casual
875,casual_887.png,casual
876,casual_888.png,casual
877,casual_889.png,casual
878,casual_89.png,casual
879,casual_890.png,casual
880,casual_891.png,casual
881,casual_892.png,casual
882,casual_893.png,casual
883,casual_894.png,casual
884,casual_895.png,casual
885,casual_896.png,casual
886,casual_897.png,casual
887,casual_898.png,casual
888,casual_899.png,casual
889,casual_9.png,casual
890,casual_90.png,casual
891,casual_900.png,casual
892,casual_901.png,casual
893,casual_902.png,casual
894,casual_903.png,casual
895,casual_904.png,casual
896,casual_905.png,casual
897,casual_906.png,casual
898,casual_907.png,casual
899,casual_908.png,casual
900,casual_909.png,casual
901,casual_91.png,casual
902,casual_910.png,casual
903,casual_911.png,casual
904,casual_912.png,casual
905,casual_913.png,casual
906,casual_914.png,casual
907,casual_915.png,casual
908,casual_916.png,casual
909,casual_917.png,casual
910,casual_918.png,casual
911,casual_919.png,casual
912,casual_92.png,casual
913,casual_920.png,casual
914,casual_921.png,casual
915,casual_922.png,casual
916,casual_923.png,casual
917,casual_924.png,casual
918,casual_925.png,casual
919,casual_926.png,casual
920,casual_927.png,casual
921,casual_928.png,casual
922,casual_929.png,casual
923,casual_93.png,casual
924,casual_930.png,casual
925,casual_931.png,casual
926,casual_932.png,casual
927,casual_933.png,casual
928,casual_934.png,casual
929,casual_935.png,casual
930,casual_936.png,casual
931,casual_937.png,casual
932,casual_938.png,casual
933,casual_939.png,casual
934,casual_94.png,casual
935,casual_940.png,casual
936,casual_941.png,casual
937,casual_942.png,casual
938,casual_943.png,casual
939,casual_944.png,casual
940,casual_945.png,casual
941,casual_946.png,casual
942,casual_947.png,casual
943,casual_948.png,casual
944,casual_949.png,casual
945,casual_95.png,casual
946,casual_950.png,casual
947,casual_951.png,casual
948,casual_952.png,casual
949,casual_953.png,casual
950,casual_954.png,casual
951,casual_955.png,casual
952,casual_956.png,casual
953,casual_957.png,casual
954,casual_958.png,casual
955,casual_959.png,casual
956,casual_96.png,casual
957,casual_960.png,casual
958,casual_961.png,casual
959,casual_962.png,casual
960,casual_963.png,casual
961,casual_964.png,casual
962,casual_965.png,casual
963,casual_966.png,casual
964,casual_967.png,casual
965,casual_968.png,casual
966,casual_969.png,casual
967,casual_97.png,casual
968,casual_970.png,casual
969,casual_971.png,casual
970,casual_972.png,casual
971,casual_973.png,casual
972,casual_974.png,casual
973,casual_975.png,casual
974,casual_976.png,casual
975,casual_977.png,casual
976,casual_978.png,casual
977,casual_979.png,casual
978,casual_98.png,casual
979,casual_980.png,casual
980,casual_981.png,casual
981,casual_982.png,casual
982,casual_983.png,casual
983,casual_984.png,casual
984,casual_985.png,casual
985,casual_986.png,casual
986,casual_987.png,casual
987,casual_988.png,casual
988,casual_989.png,casual
989,casual_99.png,casual
990,casual_990.png,casual
991,casual_991.png,casual
992,casual_992.png,casual
993,casual_993.png,casual
994,casual_994.png,casual
995,casual_995.png,casual
996,casual_996.png,casual
997,casual_997.png,casual
998,casual_998.png,casual
999,casual_999.png,casual
1000,sport_0.png,sport
1001,sport_1.png,sport
1002,sport_10.png,sport
1003,sport_100.png,sport
1004,sport_101.png,sport
1005,sport_102.png,sport
1006,sport_103.png,sport
1007,sport_104.png,sport
1008,sport_105.png,sport
1009,sport_106.png,sport
1010,sport_107.png,sport
1011,sport_108.png,sport
1012,sport_109.png,sport
1013,sport_11.png,sport
1014,sport_110.png,sport
1015,sport_111.png,sport
1016,sport_112.png,sport
1017,sport_113.png,sport
1018,sport_114.png,sport
1019,sport_115.png,sport
1020,sport_116.png,sport
1021,sport_117.png,sport
1022,sport_118.png,sport
1023,sport_119.png,sport
1024,sport_12.png,sport
1025,sport_120.png,sport
1026,sport_121.png,sport
1027,sport_122.png,sport
1028,sport_123.png,sport
1029,sport_124.png,sport
1030,sport_125.png,sport
1031,sport_126.png,sport
1032,sport_127.png,sport
1033,sport_128.png,sport
1034,sport_129.png,sport
1035,sport_13.png,sport
1036,sport_130.png,sport
1037,sport_131.png,sport
1038,sport_132.png,sport
1039,sport_133.png,sport
1040,sport_134.png,sport
1041,sport_135.png,sport
1042,sport_136.png,sport
1043,sport_137.png,sport
1044,sport_138.png,sport
1045,sport_139.png,sport
1046,sport_14.png,sport
1047,sport_140.png,sport
1048,sport_141.png,sport
1049,sport_142.png,sport
1050,sport_143.png,sport
1051,sport_144.png,sport
1052,sport_145.png,sport
1053,sport_146.png,sport
1054,sport_147.png,sport
1055,sport_148.png,sport
1056,sport_149.png,sport
1057,sport_15.png,sport
1058,sport_150.png,sport
1059,sport_151.png,sport
1060,sport_152.png,sport
1061,sport_153.png,sport
1062,sport_154.png,sport
1063,sport_155.png,sport
1064,sport_156.png,sport
1065,sport_157.png,sport
1066,sport_158.png,sport
1067,sport_159.png,sport
1068,sport_16.png,sport
1069,sport_160.png,sport
1070,sport_161.png,sport
1071,sport_162.png,sport
1072,sport_163.png,sport
1073,sport_164.png,sport
1074,sport_165.png,sport
1075,sport_166.png,sport
1076,sport_167.png,sport
1077,sport_168.png,sport
1078,sport_169.png,sport
1079,sport_17.png,sport
1080,sport_170.png,sport
1081,sport_171.png,sport
1082,sport_172.png,sport
1083,sport_173.png,sport
1084,sport_174.png,sport
1085,sport_175.png,sport
1086,sport_176.png,sport
1087,sport_177.png,sport
1088,sport_178.png,sport
1089,sport_179.png,sport
1090,sport_18.png,sport
1091,sport_180.png,sport
1092,sport_181.png,sport
1093,sport_182.png,sport
1094,sport_183.png,sport
1095,sport_184.png,sport
1096,sport_185.png,sport
1097,sport_186.png,sport
1098,sport_187.png,sport
1099,sport_188.png,sport
1100,sport_189.png,sport
1101,sport_19.png,sport
1102,sport_190.png,sport
1103,sport_191.png,sport
1104,sport_192.png,sport
1105,sport_193.png,sport
1106,sport_194.png,sport
1107,sport_195.png,sport
1108,sport_196.png,sport
1109,sport_197.png,sport
1110,sport_198.png,sport
1111,sport_199.png,sport
1112,sport_2.png,sport
1113,sport_20.png,sport
1114,sport_200.png,sport
1115,sport_201.png,sport
1116,sport_202.png,sport
1117,sport_203.png,sport
1118,sport_204.png,sport
1119,sport_205.png,sport
1120,sport_206.png,sport
1121,sport_207.png,sport
1122,sport_208.png,sport
1123,sport_209.png,sport
1124,sport_21.png,sport
1125,sport_210.png,sport
1126,sport_211.png,sport
1127,sport_212.png,sport
1128,sport_213.png,sport
1129,sport_214.png,sport
1130,sport_215.png,sport
1131,sport_216.png,sport
1132,sport_217.png,sport
1133,sport_218.png,sport
1134,sport_219.png,sport
1135,sport_22.png,sport
1136,sport_220.png,sport
1137,sport_221.png,sport
1138,sport_222.png,sport
1139,sport_223.png,sport
1140,sport_224.png,sport
1141,sport_225.png,sport
1142,sport_226.png,sport
1143,sport_227.png,sport
1144,sport_228.png,sport
1145,sport_229.png,sport
1146,sport_23.png,sport
1147,sport_230.png,sport
1148,sport_231.png,sport
1149,sport_232.png,sport
1150,sport_233.png,sport
1151,sport_234.png,sport
1152,sport_235.png,sport
1153,sport_236.png,sport
1154,sport_237.png,sport
1155,sport_238.png,sport
1156,sport_239.png,sport
1157,sport_24.png,sport
1158,sport_240.png,sport
1159,sport_241.png,sport
1160,sport_242.png,sport
1161,sport_243.png,sport
1162,sport_244.png,sport
1163,sport_245.png,sport
1164,sport_246.png,sport
1165,sport_247.png,sport
1166,sport_248.png,sport
1167,sport_249.png,sport
1168,sport_25.png,sport
1169,sport_250.png,sport
1170,sport_251.png,sport
1171,sport_252.png,sport
1172,sport_253.png,sport
1173,sport_254.png,sport
1174,sport_255.png,sport
1175,sport_256.png,sport
1176,sport_257.png,sport
1177,sport_258.png,sport
1178,sport_259.png,sport
1179,sport_26.png,sport
1180,sport_260.png,sport
1181,sport_261.png,sport
1182,sport_262.png,sport
1183,sport_263.png,sport
1184,sport_264.png,sport
1185,sport_265.png,sport
1186,sport_266.png,sport
1187,sport_267.png,sport
1188,sport_268.png,sport
1189,sport_269.png,sport
1190,sport_27.png,sport
1191,sport_270.png,sport
1192,sport_271.png,sport
1193,sport_272.png,sport
1194,sport_273.png,sport
1195,sport_274.png,sport
1196,sport_275.png,sport
1197,sport_276.png,sport
1198,sport_277.png,sport
1199,sport_278.png,sport
1200,sport_279.png,sport
1201,sport_28.png,sport
1202,sport_280.png,sport
1203,sport_281.png,sport
1204,sport_282.png,sport
1205,sport_283.png,sport
1206,sport_284.png,sport
1207,sport_285.png,sport
1208,sport_286.png,sport
1209,sport_287.png,sport
1210,sport_288.png,sport
1211,sport_289.png,sport
1212,sport_29.png,sport
1213,sport_290.png,sport
1214,sport_291.png,sport
1215,sport_292.png,sport
1216,sport_293.png,sport
1217,sport_294.png,sport
1218,sport_295.png,sport
1219,sport_296.png,sport
1220,sport_297.png,sport
1221,sport_298.png,sport
1222,sport_299.png,sport
1223,sport_3.png,sport
1224,sport_30.png,sport
1225,sport_300.png,sport
1226,sport_301.png,sport
1227,sport_302.png,sport
1228,sport_303.png,sport
1229,sport_304.png,sport
1230,sport_305.png,sport
1231,sport_306.png,sport
1232,sport_307.png,sport
1233,sport_308.png,sport
1234,sport_309.png,sport
1235,sport_31.png,sport
1236,sport_310.png,sport
1237,sport_311.png,sport
1238,sport_312.png,sport
1239,sport_313.png,sport
1240,sport_314.png,sport
1241,sport_315.png,sport
1242,sport_316.png,sport
1243,sport_317.png,sport
1244,sport_318.png,sport
1245,sport_319.png,sport
1246,sport_32.png,sport
1247,sport_320.png,sport
1248,sport_321.png,sport
1249,sport_322.png,sport
1250,sport_323.png,sport
1251,sport_324.png,sport
1252,sport_325.png,sport
1253,sport_326.png,sport
1254,sport_327.png,sport
1255,sport_328.png,sport
1256,sport_329.png,sport
1257,sport_33.png,sport
1258,sport_330.png,sport
1259,sport_331.png,sport
1260,sport_332.png,sport
1261,sport_333.png,sport
1262,sport_334.png,sport
1263,sport_335.png,sport
1264,sport_336.png,sport
1265,sport_337.png,sport
1266,sport_338.png,sport
1267,sport_339.png,sport
1268,sport_34.png,sport
1269,sport_340.png,sport
1270,sport_341.png,sport
1271,sport_342.png,sport
1272,sport_343.png,sport
1273,sport_344.png,sport
1274,sport_345.png,sport
1275,sport_346.png,sport
1276,sport_347.png,sport
1277,sport_348.png,sport
1278,sport_349.png,sport
1279,sport_35.png,sport
1280,sport_350.png,sport
1281,sport_351.png,sport
1282,sport_352.png,sport
1283,sport_353.png,sport
1284,sport_354.png,sport
1285,sport_355.png,sport
1286,sport_356.png,sport
1287,sport_357.png,sport
1288,sport_358.png,sport
1289,sport_359.png,sport
1290,sport_36.png,sport
1291,sport_360.png,sport
1292,sport_361.png,sport
1293,sport_362.png,sport
1294,sport_363.png,sport
1295,sport_364.png,sport
1296,sport_365.png,sport
1297,sport_366.png,sport
1298,sport_367.png,sport
1299,sport_368.png,sport
1300,sport_369.png,sport
1301,sport_37.png,sport
1302,sport_370.png,sport
1303,sport_371.png,sport
1304,sport_372.png,sport
1305,sport_373.png,sport
1306,sport_374.png,sport
1307,sport_375.png,sport
1308,sport_376.png,sport
1309,sport_377.png,sport
1310,sport_378.png,sport
1311,sport_379.png,sport
1312,sport_38.png,sport
1313,sport_380.png,sport
1314,sport_381.png,sport
1315,sport_382.png,sport
1316,sport_383.png,sport
1317,sport_384.png,sport
1318,sport_385.png,sport
1319,sport_386.png,sport
1320,sport_387.png,sport
1321,sport_388.png,sport
1322,sport_389.png,sport
1323,sport_39.png,sport
1324,sport_390.png,sport
1325,sport_391.png,sport
1326,sport_392.png,sport
1327,sport_393.png,sport
1328,sport_394.png,sport
1329,sport_395.png,sport
1330,sport_396.png,sport
1331,sport_397.png,sport
1332,sport_398.png,sport
1333,sport_399.png,sport
1334,sport_4.png,sport
1335,sport_40.png,sport
1336,sport_400.png,sport
1337,sport_401.png,sport
1338,sport_402.png,sport
1339,sport_403.png,sport
1340,sport_404.png,sport
1341,sport_405.png,sport
1342,sport_406.png,sport
1343,sport_407.png,sport
1344,sport_408.png,sport
1345,sport_409.png,sport
1346,sport_41.png,sport
1347,sport_410.png,sport
1348,sport_411.png,sport
1349,sport_412.png,sport
1350,sport_413.png,sport
1351,sport_414.png,sport
1352,sport_415.png,sport
1353,sport_416.png,sport
1354,sport_417.png,sport
1355,sport_418.png,sport
1356,sport_419.png,sport
1357,sport_42.png,sport
1358,sport_420.png,sport
1359,sport_421.png,sport
1360,sport_422.png,sport
1361,sport_423.png,sport
1362,sport_424.png,sport
1363,sport_425.png,sport
1364,sport_426.png,sport
1365,sport_427.png,sport
1366,sport_428.png,sport
1367,sport_429.png,sport
1368,sport_43.png,sport
1369,sport_430.png,sport
1370,sport_431.png,sport
1371,sport_432.png,sport
1372,sport_433.png,sport
1373,sport_434.png,sport
1374,sport_435.png,sport
1375,sport_436.png,sport
1376,sport_437.png,sport
1377,sport_438.png,sport
1378,sport_439.png,sport
1379,sport_44.png,sport
1380,sport_440.png,sport
1381,sport_441.png,sport
1382,sport_442.png,sport
1383,sport_443.png,sport
1384,sport_444.png,sport
1385,sport_445.png,sport
1386,sport_446.png,sport
1387,sport_447.png,sport
1388,sport_448.png,sport
1389,sport_449.png,sport
1390,sport_45.png,sport
1391,sport_450.png,sport
1392,sport_451.png,sport
1393,sport_452.png,sport
1394,sport_453.png,sport
1395,sport_454.png,sport
1396,sport_455.png,sport
1397,sport_456.png,sport
1398,sport_457.png,sport
1399,sport_458.png,sport
1400,sport_459.png,sport
1401,sport_46.png,sport
1402,sport_460.png,sport
1403,sport_461.png,sport
1404,sport_462.png,sport
1405,sport_463.png,sport
1406,sport_464.png,sport
1407,sport_465.png,sport
1408,sport_466.png,sport
1409,sport_467.png,sport
1410,sport_468.png,sport
1411,sport_469.png,sport
1412,sport_47.png,sport
1413,sport_470.png,sport
1414,sport_471.png,sport
1415,sport_472.png,sport
1416,sport_473.png,sport
1417,sport_474.png,sport
1418,sport_475.png,sport
1419,sport_476.png,sport
1420,sport_477.png,sport
1421,sport_478.png,sport
1422,sport_479.png,sport
1423,sport_48.png,sport
1424,sport_480.png,sport
1425,sport_481.png,sport
1426,sport_482.png,sport
1427,sport_483.png,sport
1428,sport_484.png,sport
1429,sport_485.png,sport
1430,sport_486.png,sport
1431,sport_487.png,sport
1432,sport_488.png,sport
1433,sport_489.png,sport
1434,sport_49.png,sport
1435,sport_490.png,sport
1436,sport_491.png,sport
1437,sport_492.png,sport
1438,sport_493.png,sport
1439,sport_494.png,sport
1440,sport_495.png,sport
1441,sport_496.png,sport
1442,sport_497.png,sport
1443,sport_498.png,sport
1444,sport_499.png,sport
1445,sport_5.png,sport
1446,sport_50.png,sport
1447,sport_500.png,sport
1448,sport_501.png,sport
1449,sport_502.png,sport
1450,sport_503.png,sport
1451,sport_504.png,sport
1452,sport_505.png,sport
1453,sport_506.png,sport
1454,sport_507.png,sport
1455,sport_508.png,sport
1456,sport_509.png,sport
1457,sport_51.png,sport
1458,sport_510.png,sport
1459,sport_511.png,sport
1460,sport_512.png,sport
1461,sport_513.png,sport
1462,sport_514.png,sport
1463,sport_515.png,sport
1464,sport_516.png,sport
1465,sport_517.png,sport
1466,sport_518.png,sport
1467,sport_519.png,sport
1468,sport_52.png,sport
1469,sport_520.png,sport
1470,sport_521.png,sport
1471,sport_522.png,sport
1472,sport_523.png,sport
1473,sport_524.png,sport
1474,sport_525.png,sport
1475,sport_526.png,sport
1476,sport_527.png,sport
1477,sport_528.png,sport
1478,sport_529.png,sport
1479,sport_53.png,sport
1480,sport_530.png,sport
1481,sport_531.png,sport
1482,sport_532.png,sport
1483,sport_533.png,sport
1484,sport_534.png,sport
1485,sport_535.png,sport
1486,sport_536.png,sport
1487,sport_537.png,sport
1488,sport_538.png,sport
1489,sport_539.png,sport
1490,sport_54.png,sport
1491,sport_540.png,sport
1492,sport_541.png,sport
1493,sport_542.png,sport
1494,sport_543.png,sport
1495,sport_544.png,sport
1496,sport_545.png,sport
1497,sport_546.png,sport
1498,sport_547.png,sport
1499,sport_548.png,sport
1500,sport_549.png,sport
1501,sport_55.png,sport
1502,sport_550.png,sport
1503,sport_551.png,sport
1504,sport_552.png,sport
1505,sport_553.png,sport
1506,sport_554.png,sport
1507,sport_555.png,sport
1508,sport_556.png,sport
1509,sport_557.png,sport
1510,sport_558.png,sport
1511,sport_559.png,sport
1512,sport_56.png,sport
1513,sport_560.png,sport
1514,sport_561.png,sport
1515,sport_562.png,sport
1516,sport_563.png,sport
1517,sport_564.png,sport
1518,sport_565.png,sport
1519,sport_566.png,sport
1520,sport_567.png,sport
1521,sport_568.png,sport
1522,sport_569.png,sport
1523,sport_57.png,sport
1524,sport_570.png,sport
1525,sport_571.png,sport
1526,sport_572.png,sport
1527,sport_573.png,sport
1528,sport_574.png,sport
1529,sport_575.png,sport
1530,sport_576.png,sport
1531,sport_577.png,sport
1532,sport_578.png,sport
1533,sport_579.png,sport
1534,sport_58.png,sport
1535,sport_580.png,sport
1536,sport_581.png,sport
1537,sport_582.png,sport
1538,sport_583.png,sport
1539,sport_584.png,sport
1540,sport_585.png,sport
1541,sport_586.png,sport
1542,sport_587.png,sport
1543,sport_588.png,sport
1544,sport_589.png,sport
1545,sport_59.png,sport
1546,sport_590.png,sport
1547,sport_591.png,sport
1548,sport_592.png,sport
1549,sport_593.png,sport
1550,sport_594.png,sport
1551,sport_595.png,sport
1552,sport_596.png,sport
1553,sport_597.png,sport
1554,sport_598.png,sport
1555,sport_599.png,sport
1556,sport_6.png,sport
1557,sport_60.png,sport
1558,sport_600.png,sport
1559,sport_601.png,sport
1560,sport_602.png,sport
1561,sport_603.png,sport
1562,sport_604.png,sport
1563,sport_605.png,sport
1564,sport_606.png,sport
1565,sport_607.png,sport
1566,sport_608.png,sport
1567,sport_609.png,sport
1568,sport_61.png,sport
1569,sport_610.png,sport
1570,sport_611.png,sport
1571,sport_612.png,sport
1572,sport_613.png,sport
1573,sport_614.png,sport
1574,sport_615.png,sport
1575,sport_616.png,sport
1576,sport_617.png,sport
1577,sport_618.png,sport
1578,sport_619.png,sport
1579,sport_62.png,sport
1580,sport_620.png,sport
1581,sport_621.png,sport
1582,sport_622.png,sport
1583,sport_623.png,sport
1584,sport_624.png,sport
1585,sport_625.png,sport
1586,sport_626.png,sport
1587,sport_627.png,sport
1588,sport_628.png,sport
1589,sport_629.png,sport
1590,sport_63.png,sport
1591,sport_630.png,sport
1592,sport_631.png,sport
1593,sport_632.png,sport
1594,sport_633.png,sport
1595,sport_634.png,sport
1596,sport_635.png,sport
1597,sport_636.png,sport
1598,sport_637.png,sport
1599,sport_638.png,sport
1600,sport_639.png,sport
1601,sport_64.png,sport
1602,sport_640.png,sport
1603,sport_641.png,sport
1604,sport_642.png,sport
1605,sport_643.png,sport
1606,sport_644.png,sport
1607,sport_645.png,sport
1608,sport_646.png,sport
1609,sport_647.png,sport
1610,sport_648.png,sport
1611,sport_649.png,sport
1612,sport_65.png,sport
1613,sport_650.png,sport
1614,sport_651.png,sport
1615,sport_652.png,sport
1616,sport_653.png,sport
1617,sport_654.png,sport
1618,sport_655.png,sport
1619,sport_656.png,sport
1620,sport_657.png,sport
1621,sport_658.png,sport
1622,sport_659.png,sport
1623,sport_66.png,sport
1624,sport_660.png,sport
1625,sport_661.png,sport
1626,sport_662.png,sport
1627,sport_663.png,sport
1628,sport_664.png,sport
1629,sport_665.png,sport
1630,sport_666.png,sport
1631,sport_667.png,sport
1632,sport_668.png,sport
1633,sport_669.png,sport
1634,sport_67.png,sport
1635,sport_670.png,sport
1636,sport_671.png,sport
1637,sport_672.png,sport
1638,sport_673.png,sport
1639,sport_674.png,sport
1640,sport_675.png,sport
1641,sport_676.png,sport
1642,sport_677.png,sport
1643,sport_678.png,sport
1644,sport_679.png,sport
1645,sport_68.png,sport
1646,sport_680.png,sport
1647,sport_681.png,sport
1648,sport_682.png,sport
1649,sport_683.png,sport
1650,sport_684.png,sport
1651,sport_685.png,sport
1652,sport_686.png,sport
1653,sport_687.png,sport
1654,sport_688.png,sport
1655,sport_689.png,sport
1656,sport_69.png,sport
1657,sport_690.png,sport
1658,sport_691.png,sport
1659,sport_692.png,sport
1660,sport_693.png,sport
1661,sport_694.png,sport
1662,sport_695.png,sport
1663,sport_696.png,sport
1664,sport_697.png,sport
1665,sport_698.png,sport
1666,sport_699.png,sport
1667,sport_7.png,sport
1668,sport_70.png,sport
1669,sport_700.png,sport
1670,sport_701.png,sport
1671,sport_702.png,sport
1672,sport_703.png,sport
1673,sport_704.png,sport
1674,sport_705.png,sport
1675,sport_706.png,sport
1676,sport_707.png,sport
1677,sport_708.png,sport
1678,sport_709.png,sport
1679,sport_71.png,sport
1680,sport_710.png,sport
1681,sport_711.png,sport
1682,sport_712.png,sport
1683,sport_713.png,sport
1684,sport_714.png,sport
1685,sport_715.png,sport
1686,sport_716.png,sport
1687,sport_717.png,sport
1688,sport_718.png,sport
1689,sport_719.png,sport
1690,sport_72.png,sport
1691,sport_720.png,sport
1692,sport_721.png,sport
1693,sport_722.png,sport
1694,sport_723.png,sport
1695,sport_724.png,sport
1696,sport_725.png,sport
1697,sport_726.png,sport
1698,sport_727.png,sport
1699,sport_728.png,sport
1700,sport_729.png,sport
1701,sport_73.png,sport
1702,sport_730.png,sport
1703,sport_731.png,sport
1704,sport_732.png,sport
1705,sport_733.png,sport
1706,sport_734.png,sport
1707,sport_735.png,sport
1708,sport_736.png,sport
1709,sport_737.png,sport
1710,sport_738.png,sport
1711,sport_739.png,sport
1712,sport_74.png,sport
1713,sport_740.png,sport
1714,sport_741.png,sport
1715,sport_742.png,sport
1716,sport_743.png,sport
1717,sport_744.png,sport
1718,sport_745.png,sport
1719,sport_746.png,sport
1720,sport_747.png,sport
1721,sport_748.png,sport
1722,sport_749.png,sport
1723,sport_75.png,sport
1724,sport_750.png,sport
1725,sport_751.png,sport
1726,sport_752.png,sport
1727,sport_753.png,sport
1728,sport_754.png,sport
1729,sport_755.png,sport
1730,sport_756.png,sport
1731,sport_757.png,sport
1732,sport_758.png,sport
1733,sport_759.png,sport
1734,sport_76.png,sport
1735,sport_760.png,sport
1736,sport_761.png,sport
1737,sport_762.png,sport
1738,sport_763.png,sport
1739,sport_764.png,sport
1740,sport_765.png,sport
1741,sport_766.png,sport
1742,sport_767.png,sport
1743,sport_768.png,sport
1744,sport_769.png,sport
1745,sport_77.png,sport
1746,sport_770.png,sport
1747,sport_771.png,sport
1748,sport_772.png,sport
1749,sport_773.png,sport
1750,sport_774.png,sport
1751,sport_775.png,sport
1752,sport_776.png,sport
1753,sport_777.png,sport
1754,sport_778.png,sport
1755,sport_779.png,sport
1756,sport_78.png,sport
1757,sport_780.png,sport
1758,sport_781.png,sport
1759,sport_782.png,sport
1760,sport_783.png,sport
1761,sport_784.png,sport
1762,sport_785.png,sport
1763,sport_786.png,sport
1764,sport_787.png,sport
1765,sport_788.png,sport
1766,sport_789.png,sport
1767,sport_79.png,sport
1768,sport_790.png,sport
1769,sport_791.png,sport
1770,sport_792.png,sport
1771,sport_793.png,sport
1772,sport_794.png,sport
1773,sport_795.png,sport
1774,sport_796.png,sport
1775,sport_797.png,sport
1776,sport_798.png,sport
1777,sport_799.png,sport
1778,sport_8.png,sport
1779,sport_80.png,sport
1780,sport_800.png,sport
1781,sport_801.png,sport
1782,sport_802.png,sport
1783,sport_803.png,sport
1784,sport_804.png,sport
1785,sport_805.png,sport
1786,sport_806.png,sport
1787,sport_807.png,sport
1788,sport_808.png,sport
1789,sport_809.png,sport
1790,sport_81.png,sport
1791,sport_810.png,sport
1792,sport_811.png,sport
1793,sport_812.png,sport
1794,sport_813.png,sport
1795,sport_814.png,sport
1796,sport_815.png,sport
1797,sport_816.png,sport
1798,sport_817.png,sport
1799,sport_818.png,sport
1800,sport_819.png,sport
1801,sport_82.png,sport
1802,sport_820.png,sport
1803,sport_821.png,sport
1804,sport_822.png,sport
1805,sport_823.png,sport
1806,sport_824.png,sport
1807,sport_825.png,sport
1808,sport_826.png,sport
1809,sport_827.png,sport
1810,sport_828.png,sport
1811,sport_829.png,sport
1812,sport_83.png,sport
1813,sport_830.png,sport
1814,sport_831.png,sport
1815,sport_832.png,sport
1816,sport_833.png,sport
1817,sport_834.png,sport
1818,sport_835.png,sport
1819,sport_836.png,sport
1820,sport_837.png,sport
1821,sport_838.png,sport
1822,sport_839.png,sport
1823,sport_84.png,sport
1824,sport_840.png,sport
1825,sport_841.png,sport
1826,sport_842.png,sport
1827,sport_843.png,sport
1828,sport_844.png,sport
1829,sport_845.png,sport
1830,sport_846.png,sport
1831,sport_847.png,sport
1832,sport_848.png,sport
1833,sport_849.png,sport
1834,sport_85.png,sport
1835,sport_850.png,sport
1836,sport_851.png,sport
1837,sport_852.png,sport
1838,sport_853.png,sport
1839,sport_854.png,sport
1840,sport_855.png,sport
1841,sport_856.png,sport
1842,sport_857.png,sport
1843,sport_858.png,sport
1844,sport_859.png,sport
1845,sport_86.png,sport
1846,sport_860.png,sport
1847,sport_861.png,sport
1848,sport_862.png,sport
1849,sport_863.png,sport
1850,sport_864.png,sport
1851,sport_865.png,sport
1852,sport_866.png,sport
1853,sport_867.png,sport
1854,sport_868.png,sport
1855,sport_869.png,sport
1856,sport_87.png,sport
1857,sport_870.png,sport
1858,sport_871.png,sport
1859,sport_872.png,sport
1860,sport_873.png,sport
1861,sport_874.png,sport
1862,sport_875.png,sport
1863,sport_876.png,sport
1864,sport_877.png,sport
1865,sport_878.png,sport
1866,sport_879.png,sport
1867,sport_88.png,sport
1868,sport_880.png,sport
1869,sport_881.png,sport
1870,sport_882.png,sport
1871,sport_883.png,sport
1872,sport_884.png,sport
1873,sport_885.png,sport
1874,sport_886.png,sport
1875,sport_887.png,sport
1876,sport_888.png,sport
1877,sport_889.png,sport
1878,sport_89.png,sport
1879,sport_890.png,sport
1880,sport_891.png,sport
1881,sport_892.png,sport
1882,sport_893.png,sport
1883,sport_894.png,sport
1884,sport_895.png,sport
1885,sport_896.png,sport
1886,sport_897.png,sport
1887,sport_898.png,sport
1888,sport_899.png,sport
1889,sport_9.png,sport
1890,sport_90.png,sport
1891,sport_900.png,sport
1892,sport_901.png,sport
1893,sport_902.png,sport
1894,sport_903.png,sport
1895,sport_904.png,sport
1896,sport_905.png,sport
1897,sport_906.png,sport
1898,sport_907.png,sport
1899,sport_908.png,sport
1900,sport_909.png,sport
1901,sport_91.png,sport
1902,sport_910.png,sport
1903,sport_911.png,sport
1904,sport_912.png,sport
1905,sport_913.png,sport
1906,sport_914.png,sport
1907,sport_915.png,sport
1908,sport_916.png,sport
1909,sport_917.png,sport
1910,sport_918.png,sport
1911,sport_919.png,sport
1912,sport_92.png,sport
1913,sport_920.png,sport
1914,sport_921.png,sport
1915,sport_922.png,sport
1916,sport_923.png,sport
1917,sport_924.png,sport
1918,sport_925.png,sport
1919,sport_926.png,sport
1920,sport_927.png,sport
1921,sport_928.png,sport
1922,sport_929.png,sport
1923,sport_93.png,sport
1924,sport_930.png,sport
1925,sport_931.png,sport
1926,sport_932.png,sport
1927,sport_933.png,sport
1928,sport_934.png,sport
1929,sport_935.png,sport
1930,sport_936.png,sport
1931,sport_937.png,sport
1932,sport_938.png,sport
1933,sport_939.png,sport
1934,sport_94.png,sport
1935,sport_940.png,sport
1936,sport_941.png,sport
1937,sport_942.png,sport
1938,sport_943.png,sport
1939,sport_944.png,sport
1940,sport_945.png,sport
1941,sport_946.png,sport
1942,sport_947.png,sport
1943,sport_948.png,sport
1944,sport_949.png,sport
1945,sport_95.png,sport
1946,sport_950.png,sport
1947,sport_951.png,sport
1948,sport_952.png,sport
1949,sport_953.png,sport
1950,sport_954.png,sport
1951,sport_955.png,sport
1952,sport_956.png,sport
1953,sport_957.png,sport
1954,sport_958.png,sport
1955,sport_959.png,sport
1956,sport_96.png,sport
1957,sport_960.png,sport
1958,sport_961.png,sport
1959,sport_962.png,sport
1960,sport_963.png,sport
1961,sport_964.png,sport
1962,sport_965.png,sport
1963,sport_966.png,sport
1964,sport_967.png,sport
1965,sport_968.png,sport
1966,sport_969.png,sport
1967,sport_97.png,sport
1968,sport_970.png,sport
1969,sport_971.png,sport
1970,sport_972.png,sport
1971,sport_973.png,sport
1972,sport_974.png,sport
1973,sport_975.png,sport
1974,sport_976.png,sport
1975,sport_977.png,sport
1976,sport_978.png,sport
1977,sport_979.png,sport
1978,sport_98.png,sport
1979,sport_980.png,sport
1980,sport_981.png,sport
1981,sport_982.png,sport
1982,sport_983.png,sport
1983,sport_984.png,sport
1984,sport_985.png,sport
1985,sport_986.png,sport
1986,sport_987.png,sport
1987,sport_988.png,sport
1988,sport_989.png,sport
1989,sport_99.png,sport
1990,sport_990.png,sport
1991,sport_991.png,sport
1992,sport_992.png,sport
1993,sport_993.png,sport
1994,sport_994.png,sport
1995,sport_995.png,sport
1996,sport_996.png,sport
1997,sport_997.png,sport
1998,sport_998.png,sport
1999,sport_999.png,sport
2000,formal_0.png,formal
2001,formal_1.png,formal
2002,formal_10.png,formal
2003,formal_100.png,formal
2004,formal_101.png,formal
2005,formal_102.png,formal
2006,formal_103.png,formal
2007,formal_104.png,formal
2008,formal_105.png,formal
2009,formal_106.png,formal
2010,formal_107.png,formal
2011,formal_108.png,formal
2012,formal_109.png,formal
2013,formal_11.png,formal
2014,formal_110.png,formal
2015,formal_111.png,formal
2016,formal_112.png,formal
2017,formal_113.png,formal
2018,formal_114.png,formal
2019,formal_115.png,formal
2020,formal_116.png,formal
2021,formal_117.png,formal
2022,formal_118.png,formal
2023,formal_119.png,formal
2024,formal_12.png,formal
2025,formal_120.png,formal
2026,formal_121.png,formal
2027,formal_122.png,formal
2028,formal_123.png,formal
2029,formal_124.png,formal
2030,formal_125.png,formal
2031,formal_126.png,formal
2032,formal_127.png,formal
2033,formal_128.png,formal
2034,formal_129.png,formal
2035,formal_13.png,formal
2036,formal_130.png,formal
2037,formal_131.png,formal
2038,formal_132.png,formal
2039,formal_133.png,formal
2040,formal_134.png,formal
2041,formal_135.png,formal
2042,formal_136.png,formal
2043,formal_137.png,formal
2044,formal_138.png,formal
2045,formal_139.png,formal
2046,formal_14.png,formal
2047,formal_140.png,formal
2048,formal_141.png,formal
2049,formal_142.png,formal
2050,formal_143.png,formal
2051,formal_144.png,formal
2052,formal_145.png,formal
2053,formal_146.png,formal
2054,formal_147.png,formal
2055,formal_148.png,formal
2056,formal_149.png,formal
2057,formal_15.png,formal
2058,formal_150.png,formal
2059,formal_151.png,formal
2060,formal_152.png,formal
2061,formal_153.png,formal
2062,formal_154.png,formal
2063,formal_155.png,formal
2064,formal_156.png,formal
2065,formal_157.png,formal
2066,formal_158.png,formal
2067,formal_159.png,formal
2068,formal_16.png,formal
2069,formal_160.png,formal
2070,formal_161.png,formal
2071,formal_162.png,formal
2072,formal_163.png,formal
2073,formal_164.png,formal
2074,formal_165.png,formal
2075,formal_166.png,formal
2076,formal_167.png,formal
2077,formal_168.png,formal
2078,formal_169.png,formal
2079,formal_17.png,formal
2080,formal_170.png,formal
2081,formal_171.png,formal
2082,formal_172.png,formal
2083,formal_173.png,formal
2084,formal_174.png,formal
2085,formal_175.png,formal
2086,formal_176.png,formal
2087,formal_177.png,formal
2088,formal_178.png,formal
2089,formal_179.png,formal
2090,formal_18.png,formal
2091,formal_180.png,formal
2092,formal_181.png,formal
2093,formal_182.png,formal
2094,formal_183.png,formal
2095,formal_184.png,formal
2096,formal_185.png,formal
2097,formal_186.png,formal
2098,formal_187.png,formal
2099,formal_188.png,formal
2100,formal_189.png,formal
2101,formal_19.png,formal
2102,formal_190.png,formal
2103,formal_191.png,formal
2104,formal_192.png,formal
2105,formal_193.png,formal
2106,formal_194.png,formal
2107,formal_195.png,formal
2108,formal_196.png,formal
2109,formal_197.png,formal
2110,formal_198.png,formal
2111,formal_199.png,formal
2112,formal_2.png,formal
2113,formal_20.png,formal
2114,formal_200.png,formal
2115,formal_201.png,formal
2116,formal_202.png,formal
2117,formal_203.png,formal
2118,formal_204.png,formal
2119,formal_205.png,formal
2120,formal_206.png,formal
2121,formal_207.png,formal
2122,formal_208.png,formal
2123,formal_209.png,formal
2124,formal_21.png,formal
2125,formal_210.png,formal
2126,formal_211.png,formal
2127,formal_212.png,formal
2128,formal_213.png,formal
2129,formal_214.png,formal
2130,formal_215.png,formal
2131,formal_216.png,formal
2132,formal_217.png,formal
2133,formal_218.png,formal
2134,formal_219.png,formal
2135,formal_22.png,formal
2136,formal_220.png,formal
2137,formal_221.png,formal
2138,formal_222.png,formal
2139,formal_223.png,formal
2140,formal_224.png,formal
2141,formal_225.png,formal
2142,formal_226.png,formal
2143,formal_227.png,formal
2144,formal_228.png,formal
2145,formal_229.png,formal
2146,formal_23.png,formal
2147,formal_230.png,formal
2148,formal_231.png,formal
2149,formal_232.png,formal
2150,formal_233.png,formal
2151,formal_234.png,formal
2152,formal_235.png,formal
2153,formal_236.png,formal
2154,formal_237.png,formal
2155,formal_238.png,formal
2156,formal_239.png,formal
2157,formal_24.png,formal
2158,formal_240.png,formal
2159,formal_241.png,formal
2160,formal_242.png,formal
2161,formal_243.png,formal
2162,formal_244.png,formal
2163,formal_245.png,formal
2164,formal_246.png,formal
2165,formal_247.png,formal
2166,formal_248.png,formal
2167,formal_249.png,formal
2168,formal_25.png,formal
2169,formal_250.png,formal
2170,formal_251.png,formal
2171,formal_252.png,formal
2172,formal_253.png,formal
2173,formal_254.png,formal
2174,formal_255.png,formal
2175,formal_256.png,formal
2176,formal_257.png,formal
2177,formal_258.png,formal
2178,formal_259.png,formal
2179,formal_26.png,formal
2180,formal_260.png,formal
2181,formal_261.png,formal
2182,formal_262.png,formal
2183,formal_263.png,formal
2184,formal_264.png,formal
2185,formal_265.png,formal
2186,formal_266.png,formal
2187,formal_267.png,formal
2188,formal_268.png,formal
2189,formal_269.png,formal
2190,formal_27.png,formal
2191,formal_270.png,formal
2192,formal_271.png,formal
2193,formal_272.png,formal
2194,formal_273.png,formal
2195,formal_274.png,formal
2196,formal_275.png,formal
2197,formal_276.png,formal
2198,formal_277.png,formal
2199,formal_278.png,formal
2200,formal_279.png,formal
2201,formal_28.png,formal
2202,formal_280.png,formal
2203,formal_281.png,formal
2204,formal_282.png,formal
2205,formal_283.png,formal
2206,formal_284.png,formal
2207,formal_285.png,formal
2208,formal_286.png,formal
2209,formal_287.png,formal
2210,formal_288.png,formal
2211,formal_289.png,formal
2212,formal_29.png,formal
2213,formal_290.png,formal
2214,formal_291.png,formal
2215,formal_292.png,formal
2216,formal_293.png,formal
2217,formal_294.png,formal
2218,formal_295.png,formal
2219,formal_296.png,formal
2220,formal_297.png,formal
2221,formal_298.png,formal
2222,formal_299.png,formal
2223,formal_3.png,formal
2224,formal_30.png,formal
2225,formal_300.png,formal
2226,formal_301.png,formal
2227,formal_302.png,formal
2228,formal_303.png,formal
2229,formal_304.png,formal
2230,formal_305.png,formal
2231,formal_306.png,formal
2232,formal_307.png,formal
2233,formal_308.png,formal
2234,formal_309.png,formal
2235,formal_31.png,formal
2236,formal_310.png,formal
2237,formal_311.png,formal
2238,formal_312.png,formal
2239,formal_313.png,formal
2240,formal_314.png,formal
2241,formal_315.png,formal
2242,formal_316.png,formal
2243,formal_317.png,formal
2244,formal_318.png,formal
2245,formal_319.png,formal
2246,formal_32.png,formal
2247,formal_320.png,formal
2248,formal_321.png,formal
2249,formal_322.png,formal
2250,formal_323.png,formal
2251,formal_324.png,formal
2252,formal_325.png,formal
2253,formal_326.png,formal
2254,formal_327.png,formal
2255,formal_328.png,formal
2256,formal_329.png,formal
2257,formal_33.png,formal
2258,formal_330.png,formal
2259,formal_331.png,formal
2260,formal_332.png,formal
2261,formal_333.png,formal
2262,formal_334.png,formal
2263,formal_335.png,formal
2264,formal_336.png,formal
2265,formal_337.png,formal
2266,formal_338.png,formal
2267,formal_339.png,formal
2268,formal_34.png,formal
2269,formal_340.png,formal
2270,formal_341.png,formal
2271,formal_342.png,formal
2272,formal_343.png,formal
2273,formal_344.png,formal
2274,formal_345.png,formal
2275,formal_346.png,formal
2276,formal_347.png,formal
2277,formal_348.png,formal
2278,formal_349.png,formal
2279,formal_35.png,formal
2280,formal_350.png,formal
2281,formal_351.png,formal
2282,formal_352.png,formal
2283,formal_353.png,formal
2284,formal_354.png,formal
2285,formal_355.png,formal
2286,formal_356.png,formal
2287,formal_357.png,formal
2288,formal_358.png,formal
2289,formal_359.png,formal
2290,formal_36.png,formal
2291,formal_360.png,formal
2292,formal_361.png,formal
2293,formal_362.png,formal
2294,formal_363.png,formal
2295,formal_364.png,formal
2296,formal_365.png,formal
2297,formal_366.png,formal
2298,formal_367.png,formal
2299,formal_368.png,formal
2300,formal_369.png,formal
2301,formal_37.png,formal
2302,formal_370.png,formal
2303,formal_371.png,formal
2304,formal_372.png,formal
2305,formal_373.png,formal
2306,formal_374.png,formal
2307,formal_375.png,formal
2308,formal_376.png,formal
2309,formal_377.png,formal
2310,formal_378.png,formal
2311,formal_379.png,formal
2312,formal_38.png,formal
2313,formal_380.png,formal
2314,formal_381.png,formal
2315,formal_382.png,formal
2316,formal_383.png,formal
2317,formal_384.png,formal
2318,formal_385.png,formal
2319,formal_386.png,formal
2320,formal_387.png,formal
2321,formal_388.png,formal
2322,formal_389.png,formal
2323,formal_39.png,formal
2324,formal_390.png,formal
2325,formal_391.png,formal
2326,formal_392.png,formal
2327,formal_393.png,formal
2328,formal_394.png,formal
2329,formal_395.png,formal
2330,formal_396.png,formal
2331,formal_397.png,formal
2332,formal_398.png,formal
2333,formal_399.png,formal
2334,formal_4.png,formal
2335,formal_40.png,formal
2336,formal_400.png,formal
2337,formal_401.png,formal
2338,formal_402.png,formal
2339,formal_403.png,formal
2340,formal_404.png,formal
2341,formal_405.png,formal
2342,formal_406.png,formal
2343,formal_407.png,formal
2344,formal_408.png,formal
2345,formal_409.png,formal
2346,formal_41.png,formal
2347,formal_410.png,formal
2348,formal_411.png,formal
2349,formal_412.png,formal
2350,formal_413.png,formal
2351,formal_414.png,formal
2352,formal_415.png,formal
2353,formal_416.png,formal
2354,formal_417.png,formal
2355,formal_418.png,formal
2356,formal_419.png,formal
2357,formal_42.png,formal
2358,formal_420.png,formal
2359,formal_421.png,formal
2360,formal_422.png,formal
2361,formal_423.png,formal
2362,formal_424.png,formal
2363,formal_425.png,formal
2364,formal_426.png,formal
2365,formal_427.png,formal
2366,formal_428.png,formal
2367,formal_429.png,formal
2368,formal_43.png,formal
2369,formal_430.png,formal
2370,formal_431.png,formal
2371,formal_432.png,formal
2372,formal_433.png,formal
2373,formal_434.png,formal
2374,formal_435.png,formal
2375,formal_436.png,formal
2376,formal_437.png,formal
2377,formal_438.png,formal
2378,formal_439.png,formal
2379,formal_44.png,formal
2380,formal_440.png,formal
2381,formal_441.png,formal
2382,formal_442.png,formal
2383,formal_443.png,formal
2384,formal_444.png,formal
2385,formal_445.png,formal
2386,formal_446.png,formal
2387,formal_447.png,formal
2388,formal_448.png,formal
2389,formal_449.png,formal
2390,formal_45.png,formal
2391,formal_450.png,formal
2392,formal_451.png,formal
2393,formal_452.png,formal
2394,formal_453.png,formal
2395,formal_454.png,formal
2396,formal_455.png,formal
2397,formal_456.png,formal
2398,formal_457.png,formal
2399,formal_458.png,formal
2400,formal_459.png,formal
2401,formal_46.png,formal
2402,formal_460.png,formal
2403,formal_461.png,formal
2404,formal_462.png,formal
2405,formal_463.png,formal
2406,formal_464.png,formal
2407,formal_465.png,formal
2408,formal_466.png,formal
2409,formal_467.png,formal
2410,formal_468.png,formal
2411,formal_469.png,formal
2412,formal_47.png,formal
2413,formal_470.png,formal
2414,formal_471.png,formal
2415,formal_472.png,formal
2416,formal_473.png,formal
2417,formal_474.png,formal
2418,formal_475.png,formal
2419,formal_476.png,formal
2420,formal_477.png,formal
2421,formal_478.png,formal
2422,formal_479.png,formal
2423,formal_48.png,formal
2424,formal_480.png,formal
2425,formal_481.png,formal
2426,formal_482.png,formal
2427,formal_483.png,formal
2428,formal_484.png,formal
2429,formal_485.png,formal
2430,formal_486.png,formal
2431,formal_487.png,formal
2432,formal_488.png,formal
2433,formal_489.png,formal
2434,formal_49.png,formal
2435,formal_490.png,formal
2436,formal_491.png,formal
2437,formal_492.png,formal
2438,formal_493.png,formal
2439,formal_494.png,formal
2440,formal_495.png,formal
2441,formal_496.png,formal
2442,formal_497.png,formal
2443,formal_498.png,formal
2444,formal_499.png,formal
2445,formal_5.png,formal
2446,formal_50.png,formal
2447,formal_500.png,formal
2448,formal_501.png,formal
2449,formal_502.png,formal
2450,formal_503.png,formal
2451,formal_504.png,formal
2452,formal_505.png,formal
2453,formal_506.png,formal
2454,formal_507.png,formal
2455,formal_508.png,formal
2456,formal_509.png,formal
2457,formal_51.png,formal
2458,formal_510.png,formal
2459,formal_511.png,formal
2460,formal_512.png,formal
2461,formal_513.png,formal
2462,formal_514.png,formal
2463,formal_515.png,formal
2464,formal_516.png,formal
2465,formal_517.png,formal
2466,formal_518.png,formal
2467,formal_519.png,formal
2468,formal_52.png,formal
2469,formal_520.png,formal
2470,formal_521.png,formal
2471,formal_522.png,formal
2472,formal_523.png,formal
2473,formal_524.png,formal
2474,formal_525.png,formal
2475,formal_526.png,formal
2476,formal_527.png,formal
2477,formal_528.png,formal
2478,formal_529.png,formal
2479,formal_53.png,formal
2480,formal_530.png,formal
2481,formal_531.png,formal
2482,formal_532.png,formal
2483,formal_533.png,formal
2484,formal_534.png,formal
2485,formal_535.png,formal
2486,formal_536.png,formal
2487,formal_537.png,formal
2488,formal_538.png,formal
2489,formal_539.png,formal
2490,formal_54.png,formal
2491,formal_540.png,formal
2492,formal_541.png,formal
2493,formal_542.png,formal
2494,formal_543.png,formal
2495,formal_544.png,formal
2496,formal_545.png,formal
2497,formal_546.png,formal
2498,formal_547.png,formal
2499,formal_548.png,formal
2500,formal_549.png,formal
2501,formal_55.png,formal
2502,formal_550.png,formal
2503,formal_551.png,formal
2504,formal_552.png,formal
2505,formal_553.png,formal
2506,formal_554.png,formal
2507,formal_555.png,formal
2508,formal_556.png,formal
2509,formal_557.png,formal
2510,formal_558.png,formal
2511,formal_559.png,formal
2512,formal_56.png,formal
2513,formal_560.png,formal
2514,formal_561.png,formal
2515,formal_562.png,formal
2516,formal_563.png,formal
2517,formal_564.png,formal
2518,formal_565.png,formal
2519,formal_566.png,formal
2520,formal_567.png,formal
2521,formal_568.png,formal
2522,formal_569.png,formal
2523,formal_57.png,formal
2524,formal_570.png,formal
2525,formal_571.png,formal
2526,formal_572.png,formal
2527,formal_573.png,formal
2528,formal_574.png,formal
2529,formal_575.png,formal
2530,formal_576.png,formal
2531,formal_577.png,formal
2532,formal_578.png,formal
2533,formal_579.png,formal
2534,formal_58.png,formal
2535,formal_580.png,formal
2536,formal_581.png,formal
2537,formal_582.png,formal
2538,formal_583.png,formal
2539,formal_584.png,formal
2540,formal_585.png,formal
2541,formal_586.png,formal
2542,formal_587.png,formal
2543,formal_588.png,formal
2544,formal_589.png,formal
2545,formal_59.png,formal
2546,formal_590.png,formal
2547,formal_591.png,formal
2548,formal_592.png,formal
2549,formal_593.png,formal
2550,formal_594.png,formal
2551,formal_595.png,formal
2552,formal_596.png,formal
2553,formal_597.png,formal
2554,formal_598.png,formal
2555,formal_599.png,formal
2556,formal_6.png,formal
2557,formal_60.png,formal
2558,formal_600.png,formal
2559,formal_601.png,formal
2560,formal_602.png,formal
2561,formal_603.png,formal
2562,formal_604.png,formal
2563,formal_605.png,formal
2564,formal_606.png,formal
2565,formal_607.png,formal
2566,formal_608.png,formal
2567,formal_609.png,formal
2568,formal_61.png,formal
2569,formal_610.png,formal
2570,formal_611.png,formal
2571,formal_612.png,formal
2572,formal_613.png,formal
2573,formal_614.png,formal
2574,formal_615.png,formal
2575,formal_616.png,formal
2576,formal_617.png,formal
2577,formal_618.png,formal
2578,formal_619.png,formal
2579,formal_62.png,formal
2580,formal_620.png,formal
2581,formal_621.png,formal
2582,formal_622.png,formal
2583,formal_623.png,formal
2584,formal_624.png,formal
2585,formal_625.png,formal
2586,formal_626.png,formal
2587,formal_627.png,formal
2588,formal_628.png,formal
2589,formal_629.png,formal
2590,formal_63.png,formal
2591,formal_630.png,formal
2592,formal_631.png,formal
2593,formal_632.png,formal
2594,formal_633.png,formal
2595,formal_634.png,formal
2596,formal_635.png,formal
2597,formal_636.png,formal
2598,formal_637.png,formal
2599,formal_638.png,formal
2600,formal_639.png,formal
2601,formal_64.png,formal
2602,formal_640.png,formal
2603,formal_641.png,formal
2604,formal_642.png,formal
2605,formal_643.png,formal
2606,formal_644.png,formal
2607,formal_645.png,formal
2608,formal_646.png,formal
2609,formal_647.png,formal
2610,formal_648.png,formal
2611,formal_649.png,formal
2612,formal_65.png,formal
2613,formal_650.png,formal
2614,formal_651.png,formal
2615,formal_652.png,formal
2616,formal_653.png,formal
2617,formal_654.png,formal
2618,formal_655.png,formal
2619,formal_656.png,formal
2620,formal_657.png,formal
2621,formal_658.png,formal
2622,formal_659.png,formal
2623,formal_66.png,formal
2624,formal_660.png,formal
2625,formal_661.png,formal
2626,formal_662.png,formal
2627,formal_663.png,formal
2628,formal_664.png,formal
2629,formal_665.png,formal
2630,formal_666.png,formal
2631,formal_667.png,formal
2632,formal_668.png,formal
2633,formal_669.png,formal
2634,formal_67.png,formal
2635,formal_670.png,formal
2636,formal_671.png,formal
2637,formal_672.png,formal
2638,formal_673.png,formal
2639,formal_674.png,formal
2640,formal_675.png,formal
2641,formal_676.png,formal
2642,formal_677.png,formal
2643,formal_678.png,formal
2644,formal_679.png,formal
2645,formal_68.png,formal
2646,formal_680.png,formal
2647,formal_681.png,formal
2648,formal_682.png,formal
2649,formal_683.png,formal
2650,formal_684.png,formal
2651,formal_685.png,formal
2652,formal_686.png,formal
2653,formal_687.png,formal
2654,formal_688.png,formal
2655,formal_689.png,formal
2656,formal_69.png,formal
2657,formal_690.png,formal
2658,formal_691.png,formal
2659,formal_692.png,formal
2660,formal_693.png,formal
2661,formal_694.png,formal
2662,formal_695.png,formal
2663,formal_696.png,formal
2664,formal_697.png,formal
2665,formal_698.png,formal
2666,formal_699.png,formal
2667,formal_7.png,formal
2668,formal_70.png,formal
2669,formal_700.png,formal
2670,formal_701.png,formal
2671,formal_702.png,formal
2672,formal_703.png,formal
2673,formal_704.png,formal
2674,formal_705.png,formal
2675,formal_706.png,formal
2676,formal_707.png,formal
2677,formal_708.png,formal
2678,formal_709.png,formal
2679,formal_71.png,formal
2680,formal_710.png,formal
2681,formal_711.png,formal
2682,formal_712.png,formal
2683,formal_713.png,formal
2684,formal_714.png,formal
2685,formal_715.png,formal
2686,formal_716.png,formal
2687,formal_717.png,formal
2688,formal_718.png,formal
2689,formal_719.png,formal
2690,formal_72.png,formal
2691,formal_720.png,formal
2692,formal_721.png,formal
2693,formal_722.png,formal
2694,formal_723.png,formal
2695,formal_724.png,formal
2696,formal_725.png,formal
2697,formal_726.png,formal
2698,formal_727.png,formal
2699,formal_728.png,formal
2700,formal_729.png,formal
2701,formal_73.png,formal
2702,formal_730.png,formal
2703,formal_731.png,formal
2704,formal_732.png,formal
2705,formal_733.png,formal
2706,formal_734.png,formal
2707,formal_735.png,formal
2708,formal_736.png,formal
2709,formal_737.png,formal
2710,formal_738.png,formal
2711,formal_739.png,formal
2712,formal_74.png,formal
2713,formal_740.png,formal
2714,formal_741.png,formal
2715,formal_742.png,formal
2716,formal_743.png,formal
2717,formal_744.png,formal
2718,formal_745.png,formal
2719,formal_746.png,formal
2720,formal_747.png,formal
2721,formal_748.png,formal
2722,formal_749.png,formal
2723,formal_75.png,formal
2724,formal_750.png,formal
2725,formal_751.png,formal
2726,formal_752.png,formal
2727,formal_753.png,formal
2728,formal_754.png,formal
2729,formal_755.png,formal
2730,formal_756.png,formal
2731,formal_757.png,formal
2732,formal_758.png,formal
2733,formal_759.png,formal
2734,formal_76.png,formal
2735,formal_760.png,formal
2736,formal_761.png,formal
2737,formal_762.png,formal
2738,formal_763.png,formal
2739,formal_764.png,formal
2740,formal_765.png,formal
2741,formal_766.png,formal
2742,formal_767.png,formal
2743,formal_768.png,formal
2744,formal_769.png,formal
2745,formal_77.png,formal
2746,formal_770.png,formal
2747,formal_771.png,formal
2748,formal_772.png,formal
2749,formal_773.png,formal
2750,formal_774.png,formal
2751,formal_775.png,formal
2752,formal_776.png,formal
2753,formal_777.png,formal
2754,formal_778.png,formal
2755,formal_779.png,formal
2756,formal_78.png,formal
2757,formal_780.png,formal
2758,formal_781.png,formal
2759,formal_782.png,formal
2760,formal_783.png,formal
2761,formal_784.png,formal
2762,formal_785.png,formal
2763,formal_786.png,formal
2764,formal_787.png,formal
2765,formal_788.png,formal
2766,formal_789.png,formal
2767,formal_79.png,formal
2768,formal_790.png,formal
2769,formal_791.png,formal
2770,formal_792.png,formal
2771,formal_793.png,formal
2772,formal_794.png,formal
2773,formal_795.png,formal
2774,formal_796.png,formal
2775,formal_797.png,formal
2776,formal_798.png,formal
2777,formal_799.png,formal
2778,formal_8.png,formal
2779,formal_80.png,formal
2780,formal_800.png,formal
2781,formal_801.png,formal
2782,formal_802.png,formal
2783,formal_803.png,formal
2784,formal_804.png,formal
2785,formal_805.png,formal
2786,formal_806.png,formal
2787,formal_807.png,formal
2788,formal_808.png,formal
2789,formal_809.png,formal
2790,formal_81.png,formal
2791,formal_810.png,formal
2792,formal_811.png,formal
2793,formal_812.png,formal
2794,formal_813.png,formal
2795,formal_814.png,formal
2796,formal_815.png,formal
2797,formal_816.png,formal
2798,formal_817.png,formal
2799,formal_818.png,formal
2800,formal_819.png,formal
2801,formal_82.png,formal
2802,formal_820.png,formal
2803,formal_821.png,formal
2804,formal_822.png,formal
2805,formal_823.png,formal
2806,formal_824.png,formal
2807,formal_825.png,formal
2808,formal_826.png,formal
2809,formal_827.png,formal
2810,formal_828.png,formal
2811,formal_829.png,formal
2812,formal_83.png,formal
2813,formal_830.png,formal
2814,formal_831.png,formal
2815,formal_832.png,formal
2816,formal_833.png,formal
2817,formal_834.png,formal
2818,formal_835.png,formal
2819,formal_836.png,formal
2820,formal_837.png,formal
2821,formal_838.png,formal
2822,formal_839.png,formal
2823,formal_84.png,formal
2824,formal_840.png,formal
2825,formal_841.png,formal
2826,formal_842.png,formal
2827,formal_843.png,formal
2828,formal_844.png,formal
2829,formal_845.png,formal
2830,formal_846.png,formal
2831,formal_847.png,formal
2832,formal_848.png,formal
2833,formal_849.png,formal
2834,formal_85.png,formal
2835,formal_850.png,formal
2836,formal_851.png,formal
2837,formal_852.png,formal
2838,formal_853.png,formal
2839,formal_854.png,formal
2840,formal_855.png,formal
2841,formal_856.png,formal
2842,formal_857.png,formal
2843,formal_858.png,formal
2844,formal_859.png,formal
2845,formal_86.png,formal
2846,formal_860.png,formal
2847,formal_861.png,formal
2848,formal_862.png,formal
2849,formal_863.png,formal
2850,formal_864.png,formal
2851,formal_865.png,formal
2852,formal_866.png,formal
2853,formal_867.png,formal
2854,formal_868.png,formal
2855,formal_869.png,formal
2856,formal_87.png,formal
2857,formal_870.png,formal
2858,formal_871.png,formal
2859,formal_872.png,formal
2860,formal_873.png,formal
2861,formal_874.png,formal
2862,formal_875.png,formal
2863,formal_876.png,formal
2864,formal_877.png,formal
2865,formal_878.png,formal
2866,formal_879.png,formal
2867,formal_88.png,formal
2868,formal_880.png,formal
2869,formal_881.png,formal
2870,formal_882.png,formal
2871,formal_883.png,formal
2872,formal_884.png,formal
2873,formal_885.png,formal
2874,formal_886.png,formal
2875,formal_887.png,formal
2876,formal_888.png,formal
2877,formal_889.png,formal
2878,formal_89.png,formal
2879,formal_890.png,formal
2880,formal_891.png,formal
2881,formal_892.png,formal
2882,formal_893.png,formal
2883,formal_894.png,formal
2884,formal_895.png,formal
2885,formal_896.png,formal
2886,formal_897.png,formal
2887,formal_898.png,formal
2888,formal_899.png,formal
2889,formal_9.png,formal
2890,formal_90.png,formal
2891,formal_900.png,formal
2892,formal_901.png,formal
2893,formal_902.png,formal
2894,formal_903.png,formal
2895,formal_904.png,formal
2896,formal_905.png,formal
2897,formal_906.png,formal
2898,formal_907.png,formal
2899,formal_908.png,formal
2900,formal_909.png,formal
2901,formal_91.png,formal
2902,formal_910.png,formal
2903,formal_911.png,formal
2904,formal_912.png,formal
2905,formal_913.png,formal
2906,formal_914.png,formal
2907,formal_915.png,formal
2908,formal_916.png,formal
2909,formal_917.png,formal
2910,formal_918.png,formal
2911,formal_919.png,formal
2912,formal_92.png,formal
2913,formal_920.png,formal
2914,formal_921.png,formal
2915,formal_922.png,formal
2916,formal_923.png,formal
2917,formal_924.png,formal
2918,formal_925.png,formal
2919,formal_926.png,formal
2920,formal_927.png,formal
2921,formal_928.png,formal
2922,formal_929.png,formal
2923,formal_93.png,formal
2924,formal_930.png,formal
2925,formal_931.png,formal
2926,formal_932.png,formal
2927,formal_933.png,formal
2928,formal_934.png,formal
2929,formal_935.png,formal
2930,formal_936.png,formal
2931,formal_937.png,formal
2932,formal_938.png,formal
2933,formal_939.png,formal
2934,formal_94.png,formal
2935,formal_940.png,formal
2936,formal_941.png,formal
2937,formal_942.png,formal
2938,formal_943.png,formal
2939,formal_944.png,formal
2940,formal_945.png,formal
2941,formal_946.png,formal
2942,formal_947.png,formal
2943,formal_948.png,formal
2944,formal_949.png,formal
2945,formal_95.png,formal
2946,formal_950.png,formal
2947,formal_951.png,formal
2948,formal_952.png,formal
2949,formal_953.png,formal
2950,formal_954.png,formal
2951,formal_955.png,formal
2952,formal_956.png,formal
2953,formal_957.png,formal
2954,formal_958.png,formal
2955,formal_959.png,formal
2956,formal_96.png,formal
2957,formal_960.png,formal
2958,formal_961.png,formal
2959,formal_962.png,formal
2960,formal_963.png,formal
2961,formal_964.png,formal
2962,formal_965.png,formal
2963,formal_966.png,formal
2964,formal_967.png,formal
2965,formal_968.png,formal
2966,formal_969.png,formal
2967,formal_97.png,formal
2968,formal_970.png,formal
2969,formal_971.png,formal
2970,formal_972.png,formal
2971,formal_973.png,formal
2972,formal_974.png,formal
2973,formal_975.png,formal
2974,formal_976.png,formal
2975,formal_977.png,formal
2976,formal_978.png,formal
2977,formal_979.png,formal
2978,formal_98.png,formal
2979,formal_980.png,formal
2980,formal_981.png,formal
2981,formal_982.png,formal
2982,formal_983.png,formal
2983,formal_984.png,formal
2984,formal_985.png,formal
2985,formal_986.png,formal
2986,formal_987.png,formal
2987,formal_988.png,formal
2988,formal_989.png,formal
2989,formal_99.png,formal
2990,formal_990.png,formal
2991,formal_991.png,formal
2992,formal_992.png,formal
2993,formal_993.png,formal
2994,formal_994.png,formal
2995,formal_995.png,formal
2996,formal_996.png,formal
2997,formal_997.png,formal
2998,formal_998.png,formal
2999,formal_999.png,formal
